﻿<?xml version="1.0" encoding="utf-8"?><HelpTOCNode Title="Customer Properties" Url="html/0958314b-f459-54d8-f37f-83c838de082b.htm"><HelpTOCNode Title="Address Property" Url="html/e0b0b4d5-d7ff-f2aa-f4ef-e07d05261b1f.htm" /><HelpTOCNode Title="City Property" Url="html/6b8b1989-c739-f134-a678-c56368a397fb.htm" /><HelpTOCNode Title="CompanyName Property" Url="html/5c5e9780-673e-c1c1-ef30-c15e7f227d5a.htm" /><HelpTOCNode Title="ContactName Property" Url="html/5e2cbed8-5e8a-8289-f2fa-ef9f8eb4593b.htm" /><HelpTOCNode Title="ContactTitle Property" Url="html/37ea06d9-293f-4563-f3d5-0fd3c0c99f81.htm" /><HelpTOCNode Title="Country Property" Url="html/2742c512-c0cb-cea3-daeb-2cf31d9f4633.htm" /><HelpTOCNode Title="CustomerId Property" Url="html/ce21e742-ee84-a968-5041-28e707595c2d.htm" /><HelpTOCNode Title="Fax Property" Url="html/d7018239-d666-867b-528a-df427226e28d.htm" /><HelpTOCNode Title="Orders Property" Url="html/fbc5e59f-b476-305c-cbb7-3899322aefd4.htm" /><HelpTOCNode Title="Phone Property" Url="html/fc7e12e4-4f60-e7a5-0ad8-3038ed1cc06d.htm" /><HelpTOCNode Title="PostalCode Property" Url="html/6a63888f-9e63-2b3a-e16e-06efcc68c0b1.htm" /><HelpTOCNode Title="Region Property" Url="html/57eb1111-1830-824c-b770-9456e314b2d7.htm" /></HelpTOCNode>