﻿<?xml version="1.0" encoding="utf-8"?><HelpTOCNode Title="Product Properties" Url="html/255abc43-8619-31ea-4a76-687012850529.htm"><HelpTOCNode Title="Category Property" Url="html/3f285f7a-3bc2-3aad-e6a0-5e8d196c75bb.htm" /><HelpTOCNode Title="CategoryId Property" Url="html/7bf43a2c-0070-0d4f-7a7c-7e9582863304.htm" /><HelpTOCNode Title="Discontinued Property" Url="html/d96ba234-2d8d-865c-344f-1ebdc85708ac.htm" /><HelpTOCNode Title="OrderDetails Property" Url="html/e2250dc8-142f-23fd-d2a9-1c6f590b7911.htm" /><HelpTOCNode Title="ProductId Property" Url="html/1f744af6-d247-85b4-a78b-897f2884c389.htm" /><HelpTOCNode Title="ProductName Property" Url="html/285d5afc-89f0-2076-da4c-820dd8d37d14.htm" /><HelpTOCNode Title="QuantityPerUnit Property" Url="html/5582dea0-f01d-dd7d-fe49-f8cb61a5dff1.htm" /><HelpTOCNode Title="ReorderLevel Property" Url="html/4fb12d01-d3ed-a596-ef0a-b1f6ccbc5f72.htm" /><HelpTOCNode Title="Supplier Property" Url="html/01327884-c6e2-d860-8af8-5a1ca6a5232d.htm" /><HelpTOCNode Title="SupplierId Property" Url="html/638ba68d-5790-d0d6-106e-2eefbfe82786.htm" /><HelpTOCNode Title="UnitPrice Property" Url="html/f02672cc-d205-4f2c-2808-8732fabba04f.htm" /><HelpTOCNode Title="UnitsInStock Property" Url="html/8895b0a8-e4c7-99b6-95bd-75aaeb13ed18.htm" /><HelpTOCNode Title="UnitsOnOrder Property" Url="html/9cf2fb77-db8b-c568-0b01-d77357dc9291.htm" /></HelpTOCNode>