﻿<?xml version="1.0" encoding="utf-8"?><HelpTOCNode Title="DatosEEF" Url="html/9f04b636-a32f-cfa0-1873-79e0f6798263.htm"><HelpTOCNode Title="CategoryADO Class" Url="html/2bf75caa-1108-6908-dfad-bc3f8e694a13.htm" HasChildren="true" /><HelpTOCNode Title="CustomerADO Class" Url="html/be618b31-63db-2631-218a-c4a2bda0ed33.htm" HasChildren="true" /><HelpTOCNode Title="EmployeeADO Class" Url="html/826fecc8-b457-22ac-3965-2f8dc306095e.htm" HasChildren="true" /><HelpTOCNode Title="NorthwindContext Class" Url="html/82921f2e-c7f6-6c18-2d32-4ddf89c89c9a.htm" HasChildren="true" /><HelpTOCNode Title="OrderADO Class" Url="html/88d5348f-3434-9969-c5b9-52ef05b691e4.htm" HasChildren="true" /><HelpTOCNode Title="OrderDetailADO Class" Url="html/72ec0b3c-449c-f9d5-0cb0-da985b4cf3d0.htm" HasChildren="true" /><HelpTOCNode Title="ProductADO Class" Url="html/e02d4ac4-019f-4fd1-feb0-19b9ba79e817.htm" HasChildren="true" /><HelpTOCNode Title="ShipperADO Class" Url="html/2ddf37b8-2a1e-50b9-08a8-aabb5831d8d6.htm" HasChildren="true" /><HelpTOCNode Title="SupplierADO Class" Url="html/47405e07-6756-ce49-de7a-1058d6bb441b.htm" HasChildren="true" /></HelpTOCNode>