﻿<?xml version="1.0" encoding="utf-8"?><HelpTOCNode Title="NorthwindContext Properties" Url="html/b14b15b3-c74a-af97-6702-7caeaf5d2d0a.htm"><HelpTOCNode Title="Categories Property" Url="html/ae776003-e1ad-b1ac-56fe-5a750efcc6bd.htm" /><HelpTOCNode Title="Customers Property" Url="html/b738c189-7a76-f20f-2d4c-380e70261c18.htm" /><HelpTOCNode Title="Employees Property" Url="html/d7704874-0b8f-ac69-5b4c-0a7c1ec9afa9.htm" /><HelpTOCNode Title="OrderDetails Property" Url="html/57414a4e-a0c8-b262-ea63-9bf72865b4e4.htm" /><HelpTOCNode Title="Orders Property" Url="html/d90d2366-e558-86f8-de6e-6c22a000fe52.htm" /><HelpTOCNode Title="Products Property" Url="html/1afb6009-4084-f63c-7908-8e029c2d2ada.htm" /><HelpTOCNode Title="Shippers Property" Url="html/a9167aa4-21e7-4c15-4b79-3f89bc84dfe0.htm" /><HelpTOCNode Title="Suppliers Property" Url="html/d6cebb9b-36f0-c791-f256-2dc9f956baa4.htm" /></HelpTOCNode>