﻿<?xml version="1.0" encoding="utf-8"?><HelpTOCNode Title="Modelos" Url="html/e102b87f-20c3-352b-5d34-da32b95dc4fc.htm"><HelpTOCNode Title="Category Class" Url="html/d9e6ab39-5656-defb-cf31-c710a1506ea7.htm" HasChildren="true" /><HelpTOCNode Title="Customer Class" Url="html/aa06346b-94fa-0e78-3ebe-fa6c2e8defb7.htm" HasChildren="true" /><HelpTOCNode Title="Employee Class" Url="html/80930b46-146f-cf3a-eb6a-8ecc585a997e.htm" HasChildren="true" /><HelpTOCNode Title="Order Class" Url="html/5e9ebb4f-065b-43ce-bf4b-f960971ec55b.htm" HasChildren="true" /><HelpTOCNode Title="OrderDetail Class" Url="html/c71a9fe5-d92a-ce00-0116-b308880884e6.htm" HasChildren="true" /><HelpTOCNode Title="Product Class" Url="html/cef64e3b-c5d8-3a0d-7a6f-fe2f70f339ca.htm" HasChildren="true" /><HelpTOCNode Title="Shipper Class" Url="html/99285601-ed0f-335e-57e5-3255634f0e1e.htm" HasChildren="true" /><HelpTOCNode Title="Supplier Class" Url="html/78e61d32-99df-9548-3cbc-370dd3d5bb05.htm" HasChildren="true" /></HelpTOCNode>